Exchange,Account
1xBet,GRVVWNAIIUCQMNEUBCMGWZ6B7N3KLU7KMJ6EX2DPUNUOAHURBZ4IZE2MBM
1xBet,PX5T25ZSTBEXLGSGUUDDD6BXETSPCUCWHBWTHZL6R4NDJHMY6T2ZOYAPEU
AAX,ITQ66B2RKWJPFIRASTAMUURKUCMHPMICKWXEACSXGSFZRJBEOC4DBQ7CC4
AEX,PUTIC5LJFLCQTZWLG52KS5BX2QHWCKJB7JE5544T5NVB46OCDMSOMCAKVQ
Ascendex/Bitmax,GGUMZYT7GHGTOUOMBXVY3AY754UKOKABBD4732COI7IVXMOCR4P4X23YYA
Ascendex/Bitmax,YHNEBTGKMXNKHCIZHFKOKD4QLYSVWA2BO7CXOLHKKCYDWDAP7KUGV2HEQM
Ascendex/Bitmax,3TT3NBAFMXODXJ7CRN2PISXARITZIJPSWTCAXJZQXJJ7RCX3JFEJPUEF6A
Ascendex/Bitmax,32ZOP2VAG24WADFNO5KYXRNFMPEJW2AQRET57UPCLDYHJFVGZJBXA6LBMM
BC.Game,ZZ5E34HAUMCODHGZX2EVXMXCPXT4TJGBZW5DR5ST6NHQMLVYGZNQXZMNSI
Bibox,JUL2CBXW3DUN2IK4ZODKIV3T3JFJGTU52GYIC2PDHVPXKUHENMH4VXE7CM
BigONE,6TEV6MGUQNGVUFRT6U4EBSKVJ5GCR56WF354O6GVTSPOSPJ4OOGNACLZDY
Bilaxy,LH3S57LNFJQNQAJTSL6N7PYCKZPH2VAUXWDWHJBQ223EETQMQXVBIZOEKM
Bilaxy,HCUTA2M27FKUKPOVI2F7VSCSJI3MYQC3N6F6YO2SK3RM6W4GQPQ3AHHKEU
Binance,SP745JJR4KPRQEXJZHVIEN736LYTL2T2DFMG3OIIFJBV66K73PHNMDCZVM
Binance,HEOQ3S6V47RFLU2RZ5GTQYJBEFRL54UWZ77PNUBNTDVSXIPYOPE2XZJSLE
Binance,ERMOEE32OP7WDHYT2A5E464222O7OUW3KM6I7TZSYHFPN3Z22RRU3IKVVY
Binance,MTCEM5YJJSYGW2RCXYXGE4SXLSPUUEJKQAWG2GUX6CNN72KQ3XPJCM6NOI
Binance,QYXDGS2XJJT7QNR6EJ2YHNZFONU6ROFM6BKTBNVT63ZXQ5OC6IYSPNDJ4U
Binance,E7O4QOCFC4WV5Y4AV552NPGFEQKFREX7BOI2MB4OTLTNEZSV4VVEDLAXJM
Binance US,QXE3ITCREUKZXA57VZ3KOHFSTENVWE7FLLHZ5ITJ2BVTCUJ3YTUZRL2TNM
Binance US,6DYOG4VD447JMZRKOUFLKRTD4ULJZ2RRI7SIIFBEJEDA3PM7XVUTPRXSZU
Binance US,EIATQQ3TAKBR67FOEMPPSOA2ZYXO5FNXQQDUPRFFISS2Y6AO5HMJBFNRXE
Bingx,RRPHQTWHANKSKT3LMJHEJBRVLQ43PIRYYI3TON6O6WFOR5O6C65C3N43UQ
Bingx,3FRCCRN37PJKJLDYIJZFA2L57VJHLYY22KXHJFE77H254TFFQFGVQVQMTQ
BingX,VLB2Q6JSJKRUPCVREDQCYUNX7ZI3NRLFNFH5JMILWZ5OVGZAGAIK4M4ZOI
BingX,5NRU5N7XJM3V2KK3ENCWO5IG7VYA25UBWYJVNOX2EWSSDIOSGZ6QBMAAQ4
BingX,TYAFMZB7F2PITLEM5HYIGGDGD75RP4SBWVF6QRFQVMA53SI2BLELZIV5VI
Bison App,OCZJHMFZZ4Z7OQOBZ32NTL5KFQZLDF47XGJGSQSAYSENO2KEYJV3V264AU
Bison App,XMVGCC27ZCGWKOQYZDE5WESGYS4V7CRTQVIAZETJNNV7U3QTHJ6CUZ62PQ
Bit2Me,6VKSWQMS2TK5J4JJFWFBYZMCWQMXW5RPIR3WQ3R2JHV4WY6WVPBTEONYKM
BIt2Me,A6VPBZYHFWBH6L47BZTCCQTFXVKJYKBWSIIYOSKQHRVUWZ7XAKQKJ2GNIA
Bitfinex,JDQ7EW3VY2ZHK4DKUHMNP35XLFPRJBND6M7SZ7W5RCFDNYAA47OC5IS62I
Bitfinex,UGYKOYFAEB6373DVH6ME6BFVHNG6BMWTYU6VZBMFFI2YQ72QACBSZLNYZ4
BitGet,5622JWBD3TDOJUTGFIB3H3TI4JE5ARW7W3WQL6JIJQ5ATFQISRSBVKOD6U
Bitkub,CT7HPFSYMKHPJES4GEEA5VE6ML7PF4JUOKNSJNDK7MXYNYLMMTFJ7XDETY
Bitkub,ES56C3NGGBIICCFIFCCEHYWVVVVS42ULQ6QEDP373CYQ2PCC5X4K3DPQNA
Bitkub,Q3GDAVXJLVHL2YNTIP35LMXEIZRGLLANSUGXGG4O2O44RZYYFNAU32OBNU
Bitkub,B6PJYYQSVT7F3NNJMGTR7MGS6AA5RLHY5LUGSWJSRXUQQQJZEFZ3QQ2BPE
Bitmart,V4HTHXCB3UZ34N7LUYIFN6KBMWEJQFUOGAD5VU6SLR4YRAYAOWZZHLUZUM
Bitmart,Q4VHAHM6VNR7P74MFCXM6XRY6RUVZ5O3VJL6E26YYTXHFXMZ7RSP3WWANY
Bitmart,3WOXKFNRGCIDYQQU2OX7J2CQGHQHQFRAA33E7GM4B4LT6MY4RK623G3HWU
BitPanda,FFRGW3UJ3SC5MQIVBJ3TLO2KAAJBFPFKERTINN2XALIYPTSLYISB3D2R3U
BitPanda,LRDSA35VTQL3ORSNBCM7TPGMYZKWK3OTRWSKD6NSXOKAOIPHQXJFEKNS2Q
BitPanda,32ITT53SHUL5UFMS6AGYGWXX2YIDD5UAV7ZRWVOTJPDFSVDCFH5XTFGTOQ
BitPanda,QF3CAWM6RRCTSZCGD4D6V42NGW6ECH6O6VRGI3BEL2TUPHJYJAJ3UXLCTQ
BitPanda,U5P6Q4YYAEZPRUJZNKGOIICBO7CYZVD5EDRMGE35G2D35IULQYWGWN3GCU
BitPanda,KQASEQS4EMTXPFBDARF2NDJVDJ2R5TQLKZF25RYIUY5YCHPK7FKA2PG7U4
BitPin,JQPL5KM77WZWXSBROCHG4OSI3MODK4ERAVSEV3DEUYGWFFK7EKYCLIT6AU
Bitrue,4WXV2OVD5JMSD557MN567JI275UNXQJQIJB4X4HMBHI6LYR5I66XFW3BDA
Bitso,CSFGMEOVR75FN5CYZMM6OPWIFIWW3IOT4WM4I3J7ISC3VYENVUZCLBJ6Z4
Bitso,4VS32XGKJA3YGH4CZHL6YLC5LWJJSDEHDYFW4WNLKDIYZ63LTCJ5JVJAFQ
Bitso,HK35AIVEVALFNHVF7ZDWOW4QZX5BWD7GO4RV7VMXYFXULAIYBTCS5NZ3G4
Bitso,4L24QJTKFOYQ6ZANU6LWQXIMDN74BBMRB2MXTG75J3BNQ5U5PTKUYKSTWU
Bitstamp,6ITEMKNE36NXKWWDL3WBYDHK3T77UY3QDCMBYBC5QMGVDFWEP626JX6CXY
Bitstamp,PL4BYTYKZXZJTOEGATLZZ43TMLGWGLNF2566U7IE5NKYIIGCLUA3LH4U6E
BitThumb,VADHW2W4EPK47Q4DIGBVHONEWZYXO4OGFMK4SRRU5CANZZSDRW76I4S42Q
BitThumb,GH27QMBSQZF3O6J7SGXQRQMUQD264HNXZ7R6OXDPIOR5XOOE22UBWUXZI4
BitThumb,KBSD7DEXXLIWGRJPDCVIUJ7IVBNKHPJJKRCOYIC3DYOSE66PQHG7X5LL4Q
BitThumb,LLYQZEQUBVTB3HOD2GLWQ2CRQ457DA57EICFV5O6I7CF6UC66SYHLEJQQ4
BitThumb,ZKJBRH2VQYDFWHP7UGDTWUTN7LQCEEAHB3DLRUQQLVTU3WOMHGTHF57EIU
Bittime,BSMLAGYIPU3MROGDC6Q42WYMP4S7PENSEVAMIJLDCYQEBAMOEUC3SHKBPA
Bitime,WZAJPBXFY4G3C7X3DEWQVS2H4TIFTYWNODK3O67SOCR4LYD6ZNJJRBX2CI
Bittrex,FAMXONMLEMDD57HSUITLDPA7OFC5H3BSIN6UBWYOL2LOLRIHCGTN2CAH3Y
Bitvavo,HBR3NL2RR3BOKPRDNQSQO2GYOUXUM2ZHUUDDZOFYU2RT3DHLPLH2BWEA5Y
Bitvavo,ASDNGCOKPWDF3IFVNGVYTRC4EBU4RGFBIX4PVFMBVUM3T4WIKID5GABY3Y
Bitvavo,OYUTVRMJRAVXKYXS542BNWYRQE2IZJJKPROL6JHLBKEAXYURKQ5KARXH6U
Bitvavo,UKZM663BYLUTDYHF725KCWEOQM4YZ2BN3LCTE5LT4W3TC2H6DAUUMNZNJA
Bitvavo,XW2IJ66DNIFH4NTP3LSMT4XUYK3RQESJBTY255O74POKLYB2CTJGVLSNNI
BitZ,3NFYCDBNCRRPATYKVLWOSVWZOO6G2GA3TVR5ZEWSLVIHFUM6QLOOLCWZO4
BKEX,IQPDUHYU46ULMBYEDKTRS2CJZHIY44QR33LRHD3SG5MLHTFXCIA5E42D3I
BKEX,2R22657D6T7I2OQTJHWZMUPOIWNJH2R2KJOLKWBOC3NMNM25ZFS3ANWVJQ
Blockchain.com,3UCURHIUOMBS3D3LLWOSYKK3NLMSBCBJEE4TUQGEN62WVRJBPOA5OUQFAA
Blockchain.com,LUPLFMOVIC2TNAUVVZBCIAV2WGRZZAMNII6WBV7PSBQO3RVVSG6FBNIYWI
Blofin,BCXQLC5SV7342EOG7Y7LWDYH2MSDAQE2ANBCDVFCT34GVV5YTOF7JFDOEE
BTCMarkets,F4MY7F4A3RNJT3UEX7JU6QKDB5VGYVGGXBLQVMRHJRBLR3YESFEOORNWHA
BTCMarkets,WXVQR4CFBF3USC5JXFFN5R6MMOZPGOHI3GKZFBU3S5NI5PTKWPBFCPZWZA
BTCMarkets,4XMYSESRPRVOFT4EB5XXHHQSEQBTUA2XNIKWUOI32EWPL5N5RUUNWE4IJ4
BTCTurk,BMHBWFCZDR6SWDB6X2RH4OFPLPX5VVGCAXNXWUOCPUD3WWLDY7VY3TQJMI
BTCTurk,PLSKXSEYVSPF5JRXVPTYW7C7SGOC47NH2Q4MJWAKHB47BGSMSJVPUK7LMU
BTCTurk,S3ZKV25A5CEMYMWTSODJSX4QXHAT57RGE5EXEZ7LZH5KNZIPQTCX6E76GE
BTCTurk,LCXGPFLA6PHFNMBTENQFGLHP4X2Z7SRZEGRXURTOJ2LWLNUUG4KX4EYTMY
ByBit,5GW5VO4JNTHXVH2DYV7HAKBKGQFSCAI4MBUD5EN3FLBGLF4KKRXJE24ASI
ByBit,RTVOYY24VNRV5KMMQPO4OHVDFOOROCMXQ7H4OH3LZBKBYTO3NVRN6FNEWI
CEX.io,3PSO6KGFY6JWFQ3C2CS5E6CSLR6T7QATDXVGKFJZFI43MHS4TF2U4EFLPU
Changelly,4UE7AHNYEYD5Z2VJUYTU5JIXHLFJIVBXF3RXZRJSMN4ASAJEJOOBYOK4AE
Changelly,NXOY7T2J75FUSB7WB5FJXQQFIJFV4K7UZN4M5RC5BX2526FLUQWPBXN6IY
Changelly,6PO62A5VTCIQJWFGEV7RNAGXE5AVCIFI5VYOO4MX6OFEQHB6P2XCXW3SBY
ChangeNOW.io,EFNDKIMSO3KBJOUTGYNBBZAXLZM6OH7E7YZC43QQ3UUKLY43CWFLC2BXT4
ChangeNOW.io,CTS2OTQHIMBITW45IYFBH4OLJCZ57OI7INOIO3MU3XQUTMMPN5HIFQHZZI
ChangeNOW.io,7KSWO2WGYRY74V2E3STPL3XSRZ2FTAHNPHI2TR4DGNVUBA44SJUPRL3D4E
CloudBet,AHEJAOE2W3OLQIWSLP5CVWNNALSOMWWKJEDH23LEKRVVKA4QM6QX4OKISE
CloudBet,RLD6WJIDKJFMCRQ56QDECFEXBIRH2LFRS4ZTGQAW4MOEBMFJSQDYBM225M
Coinbase Feeder,S7QLKPLSSPFFDK2GPOJAV7BBGFK3IPBS6FQCR2QT5XA4CHW4SEOQ5RST4I
Coinbase,LWUWBZPVBS24TDBDZ72LUYJJF75KUJ3IUP6YGG45PVKGNAJYRGQD5CSCPA
Coinbase,MQOZTXRBYZ6JIPGQLNV6Y4REHFKVZKBXKIJVOGEYUDPLQNYZ5YJP72XZOE
Coinbase,27D6WYEDJZHLFCLJNDJF63RFYFO32KZHOYBHET7BSVDHSTJQQI5GFN2QVI
Coinbase Pro,UXVAPU4KERSMNUILDVZUKKF4KMWQ7RFSSYPXYSEGSYNYILC4FEHISKRBNM
Coinbase,KQ6FVR6PTHMV7QV47LBSR3LVM3EWSNHJPTWQ7GUEFLI2NGKC3RAULQ27K4
Coinbase,DLRY7TLD3KXB4G6IAIW5KGUZEVIDBS2OZ3LR7RFSJD2KEUDKWFXEBPK3HU
Coinbase,WD5EDLJCLRWFIBEUCT43J6QM3LGVNSYXUSMWGUKKUMJBZ65IKQWIAV2LIY
Coinbase,LYKPESAJWNRAV7XADUHBKLADBK47HWKIM4W3K7ICKXXEURMP2AJLYLFDF4
Coinbase,FFLRE4VZK35KAU65VLBRMR4KZVHE4S2TEXJJ6K4POZJZXUND3V2V6DVJNU
Coinbase,A3MYPLCU5ZVXDJEAXAVV2SAUWJ4INWGPYOKM3FWOGUASOJ7V2L6DTC5YN4
Coinbase,5EYP2467BNWUIE773T57P3VZ5RRMWUFCPSYOOUHVFP4AY5HSZ7MKECKTKI
Coinbase,R7ALVPEQRGECJK33LANXMPENWYALTAZQTSGNCTEQPKBSBDI5KO252SAK64
Coinbase,ASHPGJPHCZMSVBBUVFOVTSIYFKCR26STPOVPU4GWACKTZT35ZQYBSE775U
Coinbase,J63NZUR3S4LJC2RPBSOXGQ75DUVQEBTIFUWL2R7FCQES24HFLQAFB6WDAY
Coinbase,5P4IEQSZBRAQHE4WQIIMYQGSVD4N6ZWM7TEJ3QXXMZIL4BR3MV6BFQYTUQ
Coinbase,ZDEFFZZ4NAWFP525TOGNWICWOXKOF74DFMYCE6BMMZIZVX5NNPYKN4SRRA
Coinbase,P73D4BTS5B55FBV5Q4K2JZNTJOOMACZY4TFYKLCHPCOGLUPGDBXDBVSS7E
Coinbase,WZY5ZGJ57YOVJ2TCMFXIH6TNLDC2FI2UJSWGG4XN5RK4XVQX4MMOIZD2AU
Coinbase,BX7UST4VVWQQPPAVPMPFW76QRKXRLQ3UVYABWBTHOAX2AN5Q5OGW2X55AQ
Coinbase,G5J6M6SLXJIG3AYFJH2RGIFRVIEATBXKJWGXDVC2DQ7BQAJTHHNJHB5LQY
Coinbase,T22CWPWN45NFINJY4AABCU7MPOXSPN6RC63M5MNXEYURWLO5J6RZODE4RM
Coinbase,XHXDKTI7O5EKIKPNUIWLFDMIJGHX2KBIXI7VT6L47LV5NSHWP7HDVDZZNY
Coinbase,RH7F44VSLAHQHTXWO6FPLJVG77QUYZIHGAKMNGN6CIFMWI22WALTMLXVAI
Coinbase,HWLQOM2NDMWEKEUCJFXH7EM4ZXUMU62VRP5IOZOEZOWCLTB4EYIIPTCUXA
Coinbase,OU5436PXO2H2IZYYVYKOZJ7PP5FUY4OZRFSI3JA3NZED6I3ZWVP5F7GGQA
Coinbase,H4OI2I6ELGJOBZR2YZHQTQ5F52W75O22Z5JLCTFBRKE3TOMRMDMUVXOEDA
Coinbase,3JBOB3OOOAY4H7K3U257NAAILH4JYVMHLPZE2FPF5AFZTQACZRWGZBYHPI
Coinbase,C37UJLIR3A2LX3QLH3AP6DBXZ3LTJZOQL4DNADSECITQS2NM6RNTL7FPF4
Coinbase,RDTYQOCIGAZYO7U5FI6242YTHWUQ62547F5RK562R4JQZITQ27PYWMWTTI
Coinbase,3XM5457IUTUVRLIFHEJ7P5MG5HA7WWBQOQ2K7P5BHZ37E2Z2PMQVD5EFAI
Coinbase OTC,GGYZ6WF74FZXPXPURAXRQ7D52BSJLRTXPPNQGV2RUSAVAT3BAQHNTA33J4
Coinex,EENN3ZZRQ3LYK6DDKJHPGNSZQ277USW6YNDOLSI7O7JE2KXXA5XBMMJ2IM
Coinex,YBDSQOY2NDJUQMPIQ4SKTM2OKC75Y6ECZAQADH4JIM7R4CZPGOMSDGOHNU
Coinex,GKIWHOWZQUNV5DC75X65RNZGLRJ2SOLKINGPJMGD3NW6YQWQARAUJTV7VU
CoinJar,7OX3HVUAMTEIU3MHHUBAREGHX4STSOZL5EMZJD6ZTQCFTSSDQRRRHUSAIU
Coinlist,AXY45DUDUDXFK2IBS6L4H4HFUD23IEIN7JJAQKQAQFAGP2L77P4F57NJ5M
Coinlist,INEMEBYNS5I2CMX4JH3B7HFSY26AMJEO4T23Q3K6H6F7WR7JZMJ2YTOS7A
Coinone,4VJEQMZ547TPNQZCNCNGGBXDGHVXDAZRFNORYPM27BV3OTUTSCHSCJVUOE
CoinSpot,LSAH7NBFXSUP2RSNS4UDA6KA3THYIS5CAWVE7IG4N45FAEGQOXYCXSL4TI
CoinSpot,SPOTCFOC4VU5QX7O7GIDFBZJNB5F4UVIJFT7KYYJCIE26QWS5MOAKFQQ5I
Coinstore,H2UADDAUBO3XUV76LDE4K7TSAGA3NOHLZJ5ANA5CLWEZZW6NVPWIS5WTLY
Coinw,HIYYRB4HJ72LNSHPISGKUEB325DYQGYOPIP5VBZSP2HYEQY7AOIHAZT7DQ
Coinw,IOAPLETUFMCC32G6TYGR7U53GN2B24IAYGC6XWBRDQALF2ASQ4V7L3IGBU
Coin Depo,IAFXO2TZG4HHDK7VSQLNBCASIYXNZPU6VIJYAXFNLIBCBVH26QK3KR3NXA
Crypto.com,USJEM4NZJQ5WQJFRSAVUASFSRJTA5L5F5RSZEQC7WM4IQPY7SX6HRC2E5Q
Crypto.com,QWKLUAQ37BGQS4G6GTGIWPMIIOS4HHUELF5ZXWP2YNTELCTHJXUMTLVDMA
Crypto.com,ZQZSRRRDQTCUQLOEGIHQXIGPNM53XYC7BVJJKQ3TNBR5YJOCNTAO4HQLY4
Crypto.com,UI6AGNWYGQD6HNQVEZ5ZTAQR27FHZ45VMLTS7LTSF2IZGAJMOIF4V4EEVU
Crypto.com,3YLYRJGGKOBBGIG44VAUG4CSI3ZX36JPSFIFOWHEKESEWD45SF57BPKBHU
Crypto.com,NS4ZRBV4D7CARUMXCSTL7LFPCMYD7JT5P5ZAYCFDMDNMXZ2WFVSHT7T6EA
Crypto.com,Q4XMRRRBFSBEQZYBBDXPLMEM7YJOD4I2LM7PFTSFPWTXEBOR3NSMJOLMIQ
CryptoPay,JGIYRXJP7MHFOTJERXIPZ4PDIJFAOJBRRZW4RDCA3NPGAKV456GL24XGHY
CWallet,52KKIKXAUTJNK2YOCUJHJIPI5YIDQUSNRKLCQIF5YVGOVYFVHGKK7EWZUA
CWallet,5WT3AC7TQ5QFRBTJ7GF66FV4BMERO4SNRFMHYMNVV7WLJRHOTVYG5CEJVM
DEX-Trade,XXPXY3YCKI5ZZQHVPEBXFNKBSNFEQ5PTGNUYJBCI73L6RDARBLWA5SCO7M
EXMO,3Z5XFNGHOV64UYN4OAZDFZ4ZJXUOXMUQNURYHZOQGR6NRE6FKYEIT5L34I
EXMO,UF3IEZZKTPCUHFNXW37AIT7T7Q6KNQC2LFDKL3VVO6OGL4USYAWHPCIZBQ
EXMO,NC72UHZZKTB2GNQMJHDNTRIRNQXLY2N6BE5DPRDM4PFKDNGSSYQSJH7KXU
EXMO,AKOTRD5FWFHN6RRBDZFXE5BKONI5P3ETWDES257V7FN3EEIQWDWB7HNNII
Flipster,WECLYJ4ERN445J4Y4IDRV274HMFG7MJ3A2IWOUCHSUKEQNORIVW7QEKKNY
FreeWallet,ITXPBXQ4NUVOTU4ZFO6A2NRVZS64FPWZUAAV5GK4YTYGMCLFKNREDNEDT4
FTX,R4K73PLDXOODXPOLGCCE4CZEG4JQECKT5CP2YQM36THGXWVQRL5GKTGKUQ
FTX,6JL66FIRCCHLWRIVOCGNTWRT5S47VLUAESQ7PSUF4CREAWPUYSVH6IUHCI
FTX Reserves,76PQEPBMSP6KRZ523HQWPQSPLCVKCP3SXBZOJ2OXDJHV26RCZH6GSH7U6M
Gateio,BVMEUTF37WNEQ6GYCZISRFHGLEMOKT5OCPPTTJXVED6JBSXKF6YJJRZRI4
Gateio,7BL55CRKRASIQI263JQ5H5A4JJQFSHL7RWXMCKM6YDZAIJVEZQ76SXF2S4
Hoo,YDRTADVLLGLU76ARI4NU5V4XTXPHDJII7A5MY3UL6II77LGE5SPQUKJWI4
Hotbit,AXZJMJVPKJRA5Y7JOEEOYRXEMK6HP27B46MEZPP7Q7ACE2D6NV72NENBKE
Hotbit,XLQRQIOWAJRL22CVSFM2UNV4TG3BPQVQLPZ2J2S7J2IQ3EFT2YHILJ7VTA
Huobi,VIHQZSDUMBXWPT4YAMWDR4A6BJFCLUGJRKCP2COUEN2XI2ZCSMLYGCU7JM
Huobi,QD6NSI23VUWBUUT5PJJV7KZ34QEWRIOJJACSYA2OR743RCQQJVLEVZ4WW4
Huobi,J4AEINCSSLDA7LNBNWM4ZXFCTLTOZT5LG3F5BLMFPJYGFWVCMU37EZI2AM
Huobi,BY265CZ2HVAPRSU2GQZ6J3ZOVN5GID3QG5P6XS3JXMSGHXSTMC2M4YMP7Y
Huobi,2X4DGWCLRNLOXHLCRPRUZTHMDT6NF2NZJXEFZRM56IVLJQC7VROS3GZIAU
Huobi,7O6GF2EANIGNLUHSWLKDPAQZKWZ6OJSGOF2ZK6NPZQI7F5GQ4UG2JC5ETI
Huobi,P6VVC5M6CFYIM3OSXEU3GYUTSP2V3WV2THGBDA3JSJPY2FZT5SNBIJ3ZPY
Huobi,UO7IXNDIT5KP3LA6HCZPOH652Z72U557VFUN5P6C5I5NJ2PX6VD4AYVAGE
Huobi,3D45JP2MPCJFPBLF5BLZ2N5MKGTDBIBBSDQ4A7F5HLNCUQLI54FHWO3XJE
Huobi,XHCUASAZVAMZ5DO4PEQFSVUZIL4BFWPRBZT4IDOSP3GOY7COHOQVDEWVKU
Huobi,HZ2BVYCF2EFGZFLVEI2UHMJODSN6JAALNSBSALBCID3JUDQK7LOOHO7GNM
Huobi,NW6PSNWSPPWOKDQ7WGATTCNM4B7KLNHNXIY44R7DT6TBRC3QHF46C4FHRA
Icrypex,YESW3JPWCFEOIRVBEMM4FMHSUYHADTQJ6K4DIAU45KUGHPKERTOBD6DC6U
Icrypex,IT3VEWNMBBUV6DAJ6EPT6TYQIOFDF4QJLOE6DY2LOHCOMNYNBPIJRICVXA
Indodax,E6X462WQOSYOTSJD7BKPESAZPYFQRTQEJVRP2AWF3QWGYDG2J3VWJMFR4E
Indodax,AXKCE4MXLRGFTUBQY7PMQDBIDNNFRKBERZN2RCYL7RMH6NAEX5SWAERFYY
Korbit,6L63JKTLVR7I5S6R6LSXSGPTZ6XAQEDXTH4V5CJXDGCXBTDJJYAUFBIRPE
Korbit,MCYCCS4D2RMHF2ZU3ZGTI4VZQVMBNXUOEKNDME2SZJYI7KOXTLJSZMY2DA
Kraken,IVBHJFHZWPXRX2EA7AH7Y4UTTBO2AK73XI65OIXDEAEN7VO2IHWXKOKOVM
Kraken,VGBITAJ24HWXCTO64HOKXDPRBTZG63M246TCMGNLKVJNOLM77ZBK3XHCCQ
Kraken,XVFOZCMDBWSQ7R5Q3WAGGY54OBPZYXVIBZX3YJQ3LLKWW7EVJJ6DO7QSHY
Kraken,C4PZ7RSTYDAAEJE3PIMJW3BRYKNY6OHYZVZO6OLXPZKBMXVWDB4PBECTZI
Kraken,ZFY37HKKZ6QYZ2KOUPKAPCKLGPEDZT4FLLVITWS5VUTNOIDX3WVK2ENVIU
Kraken,WVDI66JKOAAE42S34FXSVR6BYILFVV7T7V72OIPETFBMDPKREP3NUV45LE
Kraken,RKZYB7NOK5FFK74RDSJHGLXFIVO27QOSTGL77LBLIXAEQVGJCPNQQRDD6A
Kraken,VYF4CEEXS76L4GPVMQDZSP2RO5TW2XUDKGYFE5BPQ6VZ35F5MEN4NPPHW4
Kraken,NV62FGOFZPLPVCRU7I6CB6PTWUIOVZLPF27SJ73VA5EGPRDUBZ6543UHWY
Kraken,XVFOZCMDBWSQ7R5Q3WAGGY54OBPZYXVIBZX3YJQ3LLKWW7EVJJ6DO7QSHY
Kraken,BTRBTJM3LVQBOW2Z5KASRXJBCTGB53QRRWV244EMRAGEULYH6YW44D6M4Q
Kraken,LHGH3BYW7HONOTBZDO7VMZKQRZWL2Y4X6WQ6ZIB5LXT6APBZNQH7HJXD4M
Kraken,TMQTT2DQCCQ7KA7FJH5DA736GAWHOIWWE6GZPSOR33WH6C33G6VAKFTSI4
Kraken,JDDSOJGJJZO4RF3JDFLQYEDUOELTSV53YFY54ZFR5IIDE3AFZY5D5W5JFA
Kraken,E3PPOOQRN7HS555KCWV3U6VPS7DG2WSGZNJ6NTSYTQ3GJY3FTYZ5R7IRVA
Kraken,J35O3RDARSCMVW6GTGI7NBETLGMFOSEH4XH4DRD3SWBYD26Q2NYZX435K4
Kraken,5DU66QONUNEXDF5AZHEPCYKYP6CB3VY5OKJOYEYFBQCQGES2HVY6ZJLZDM
Kraken,SOHYURK5NLSCNVM7VNTCBKIJV2FQRYRNOYBNFQ7OQNOWEUM6VEZW4XUAGI
Kraken,JF6UALUO3MOMCLGJXUTVDABYKW5XJK75M3B6CMHRZXSX3CZ64VRVHF5CKE
Kraken,KI47DCJ3KZD4TPV456G4TWIAI3VKOAJH2WXTT6X2V6PTGEU3K3ANEEHG7U
Kraken,OZAWSPA24ZG5JMNEKY473VFN2YLD3TBD7BMBNHJ2YT7BYIWQB4XI7ANU6Q
Kraken,3ZYXSRWUO2MIDJJAC3OHSEVOXDOTFZR5XIYWNG4OTWYEX3X7AEHLHWTHNE
Kucoin,SO2PXRIHRXMFSHMCTKQ7DR5JILZC7FX5R7OXTZ67FAIHOGBDP4NHPIGUEI
Kucoin,WKAHED6VGRJKKM7KUT2HAQ6LRFOICUDOMETUK7F7KBZZF2XDBKLYOMBDVA
Kucoin,YXDKDH5XHXL6OYMH2HYCJCXOZWPOBEUNK5ICFVJRFW3JVQXZ6HQ6QPVQVA
Kucoin,T6MXHXMGXURKJ7AD5NCB4IYPLWXYXKKFLLO5KAPJ56GKS7BFXHNHOODZCM
KuCoin,RDKDV7CVOXLHO2OXBJCSLFDNJBTENDVT3LMFRYTZS7EKIAMAXZKBL42KHA
Kucoin,IMGMVBZEPMM36AIMWI7FZHG2G44KEESC5ALZHWX7B7SBNBDY6Z7COYMO6U
Kucoin,3CIPOIS4KLKSA3XOCIRKX2TVUJ2V3F5A4P525VGMFCPGN7QFKDDYUABYOY
Kucoin,VRMYO3NMIQSYZZPLMIL4RRC6GTKGPGTE5N52LJ3VNUNHE64BPFZJUYGBBM
LBank,XMP53MUN4CPNUAPKEWKC2SJ65YHSPJPHABZBJP7TYLXJ6FFYBXIEGPJWIM
Lemon Cash,D3SFA2OHNZ63SWQEOHSBMDDQPWUXKKZE7BWKLCY6F5XEJLARGONICDD3QE
Lemon Cash,FP43MF63WTTUNOOV23XVTSNVIY4UN3WPLHJ2WW3M4OPQSI5IJ4BEKAK2HU
Lemon Cash,7KMLVD7VTGV35RZ5H7WECPUEK5JQ4YEHFLTPK5O2ROCUMVQKYHRDQRGCR4
Lemon Cash,2B4V3CL6NMJNHCJMJ6VRTBAISANXJFJDHAOKB2TK37RKQWSCQQDZSHU32A
Luno,6AHDUO3DJGJEXKQVKZZ4PW4WR4IEEBX7W3P77Q3FXMH32KZL3MEVIYUXJA
Luno,KGV6VKI57KAUBYXVRXPF3WF4Q2GFXXQ6P72P53SYV446BWUGZQNSXL6ACU
Mese.io,GQAPU7KTHRHIZHY35PJPPWTMDBVEBQUM6L3ADHE54K4T2RVRNKMCDINUNU
MEXC,M3IAMWFYEIJWLWFIIOEDFOLGIVMEOB3F4I3CA4BIAHJENHUUSX63APOXXM
MEXC,ZEJPIFQF5MSDOB3YA6OUG4S26FFX64SCTHKDMYCCB26JGG7DC4IPBWQSLQ
Mexo,ZY6BN6YYKBPQHRIWKJPAKUWUHITBZ5TMIURC7IXUJ7QM6VFRGDGA3QB7N4
NDAX,45JN3TRGHRCS4WYDGTKCYMMYN6Z2LXGMGNEFEJ5CM7BRCE5EK2FR27K4IA
NDAX,MZO4RABK7T3ZV6N75Z4IVDTI56BPPLSKWBKUDIY7NJNO2PVKSTAP4IGNTA
Netcoins,H2KE4AIZPIWHLSAMLQFUGRYTUFLGUA2FUM7CHTXNJ67LPOQ3F46TOSIQQM
Netcoins,YNNIFIP46LBK5PGRWUSOABNIQDOFL2NRLPY6DNOUR4RD5MC4GTDJ4LAIQI
Netcoins,ATBJFHENXPHD7RZHHDWHQVNW2AJJ4WJP6Z5OXRVKYYAEFIBDYSSLM7YUWY
Newton,FF5YJ5EJDDRDX3D54OEE76DIT2CII4KGU5B7K34B22OI5A2JHE7TNH6HI4
Newton,VPEYFRK3E36FO7Y6PKKZVSPAK2WCWKLR4MQYHDIHKOTXBFTJVFQNWXI6DE
Newton,234FJEBBC332FF74KOY72HFUO53G3O7KKQHZEMVF7SBVVW7SA3JIQNAX7M
Nexo,OXGBEREI4DRUVAKVNRHEY6OQN4N7XUV6SYV56DNRCQG63R5NLJELQTR7Y4
Nexo,6EG4HCO66VEDKUPX7JDML2ZKHPA3UZXCIZQU7K5OVFOU4LOAOSNG6VXFLU
Nobitex,WRGZ2OKNY45KAT2RSCSPKLLOOG4GSSMD7PX4YY7DPMRQMIK2YRBPP6CUMA
Nobitex,6ABLO2GCGA4F3A2TJEVZVR7A73HVIJ7NTQZHBVU42YGVDRCBZEA6IXUW7U
Nobitex,QQJFKFFAVMJVHI7KTL6L7ZMCC4SL6HETTTT7M5KSB4ROJD3EQVCKQFGJJI
Nobitex,HRGSXDH3JBHE3QIY53ZA66SNH3S4GWCCMBTTUM5JXYVJ4AAFSKQL3IWNKY
NonKYC,26NEOQ2ZVVM6C53LVFC7MUNA32HF4S2DCZT5JZ5SDSKTN4OOMA7VMIRZVA
Novadax,TKWBX6VWCYKIP6MUCTGUSGTAYKXDIUREYIK3PQGAWNLAVGX5MJABE4ODDI
OkCoin,WRWOW5QXGYSZ47UJYTGRBO27KJP5WZSSOFKZCYA77S3HJKJTSW4K4E4TTY
Okex,ZVMOZVZJK64NEYDPUDGGC52NI6HOX2LUQVIWYCQTJ2DFXRGPL72C2BQYNM
Okex,KK6UJVR57FULTMBR6NQTWJR5D4U7WY6HZYR2O272NDZMZERPS42TQQNZBI
Okex,CSX2WBXRSPWLF4FY647PTRZMJISZWS47PYDXTU262OGZ5CYN4WQULZI2IM
Okex,YZIVQKBVZK74SIJFRUWTKBQZXOHASKCSY6NFIMFGXRN5EP5K2Z366YJDPY
Okex,MGESFZNLFEKPPYJZCJEBG5U4Y6EFMWTD4KTQMLZEBZZMTXB3YKWYVG4KG4
Okex,E4PKMOUSMOD5YR2VI7PW2XJ2UX5552FT4OYLYJH466R7TMRU3OWYPI5RJI
Okex,LL4YDRHBXJKHWL7QCP4LB3RWVGGRX6LBE3WFTYGTLTFCO4JTJOUAGFBMEQ
Okex,7SEEGKZ7IM2AJPQ7RD66M5BP2DY4KJHAFBOPC62A6KPJV5G3LZN2JA7HSY
Okex,QIMGYUZO42YIZ37ENUUT7IBBKXNLFUKDAF2I4ETWI7RWVHMLDDHSTRLCPA
Paribu,P5IFX3UBXZJPDSLPT4TB4RYACD2XJ74XSNKCF7KMW3P7ZGN4RRE3C2T5WM
Paribu,ZFO6WAOK2DNBNNVWZLWIFWU5NLI6FZ6FU25AIHTYDJWRENPW62C2SWWSYU
Paribu,SEDQXPOIDHSAGQUNERDLDIO5P6TGHD56G3V2PLGPYCBJOINTTYRZMYAPQA
Phemex,GVDYDJGOJRRUPDNTUOIZ7CNTMRMC33LY2ULRQBWBTSJSURXHEXIJHO5NHU
Phemex,7LPRKDPYGRO45HEDZJIVBY7GASMV6X3V3BGCBKINGB72LETVMDRQRLGHYY
Pionex,QC7EZQEWHH4D7P4GG6EGIJIGG5E7ORURMMP5HFWUCN4ONT4LOQ7IVBCSNI
Pionex,ELTYSGAQGC7HGU56ZOCGSTZX3V7Z7Z5DHFKIRCLWTEWP5T3ZVLLNWQVWD4
Pionex,27XR4XGE5C56P3OH46MNDYVI6YLADNCGNDYV5HJZXHQVLCG6BYIFFALEXM
Pionex,WY2FTPEVVUCGKXTNPQSAX34COTYFPB73CHIC4I57ITWWA7ZISVQGHCXLAY
Pionex,JPCBQQWCONGWMQF7NKWW2FC5HBKBSAF3Q4ENLUZEJLKN3CC2ZDCFCGBCNM
Pluang,EMKA6FGSRTBQ62LUCEZR45RLAEWFNJBHRRCI47CCEDKHIEEO2HXVUTP5YA
Pluang,O62Z5LAAWZZDXN3V7TUHF53XW3J6BFSFEV42WNBOBD5YTKGN6MCP4RUN4I
Pluang,URH2OEE624SZMDU5OQLB27QORIFPEM2IVDT2DRVM4ROANPH7WRQ7AETDUU
ProBit,FICJGBANRGZTSCIGJFT6FVXP2RI4TFCNK57ZQGCKFRMRNSKF7ASTM7LFIE
rain.com,ADNMBFQJRFVKGDG6OBRFX7ACNODSUWIJPRBABJGOXBVUS3GWHFIXKER2SE
rain.com,ZURKYSQ52VC3KRLFBPKMWGC2S2DTHD3Y2Y75CBXH7K74WARRUX7UHJCQPM
Reku,UWB2IGRCW5PPBQZ2B2JISZ2Y6NB3VI6UEBCSJLDW4VLWIUTWRE2GXPFUDE
Reku,EB6FSKTJJN53TAELWYHRAJP3AFY6ZEKLHZHNP4SI4QJUW3ZHUGJLEN56ZQ
Rollercoin,5ANGVYP6U7HCWEDDRPXZMO7SGZRJPCSGCB3UKFW2SNVEDYZEWYX2NEOAKQ
Safello,MWLIPZBHSKR3W5T6E73ZEU5GXU6JEHEAMY4WYHA4GIMFLUQPWXVJ5QIC2A
Safello,KUMHZANB2V7Q34KCV462APRQG2LQNXZDF3PQVQR5TKJCXOVSNOXL7WU2RA
Sideshift.ai,XPC37NKC7SZO3UNN654BMDSYXEXJPZ63BEOH7HYH5DSUYOLVPI243NMZZQ
Sideshift.ai,KMQG24BRP4ZZWPGDJRDJPC3NQR5MFY5M24WSZGT2EXRYTEFE4YM2YFTV5E
Simpleswap,3AP42IN46QNOBC2JDPXSXTHQB6ZTHURQLPQPZBPW3CLFDSUZZ462RGV4UE
Simpleswap,FI7DTQAS3OXWIKM3TYIGYHJL5BQP7S7LEDGXORXT7ND3R5CF2KMKPJHQSQ
Simpleswap,7YYRX765QFRRUZZAVMAFQA27S6OVXXMUSRIVY2TBCQPWUSXE5NBUUQIAV4
Superex,OHFOF4GBX2RLHOQBAMAECD662QPOIGODRDAXFSYQELLSPN4VHIVQ6ZUI7Y
Triv,H6BVV63Q5SQUARZG3RN5AZQVZCOCJGYJSW5WG6U5OWDMXLH4YHOHZ3SLLY
Triv,7GVBCCMFQJAEARTUZR7KLJ62J35DWDH6ECQ7AXAFQNUKV3TDQVXS7HFESE
Upbit,N2C374IRX7HEX2YEQWJBTRSVRHRUV4ZSF76S54WV4COTHRUNYRCI47R3WU
Upbit,7ZC2JOTHFKKVMKKZQPQQP52QZ3H2ECMTWXV4ZXGQT2MWKNRCTS3X7BBFXY
Upbit,BFU3RJUUBUYTDP4FSMKC5GY5AA2PTPDGZX5K4ONT2RUXB2VSSXD5YB2FOY
Upbit,COO7YAEA2OHJ5RXWSNWEB62GBOKUJMLGGFZR6O7WG5EWV4YRJVXNRGOHJE
Upbit,5NJXLZJZ4UFDGCIKFC4KUSOOJKC6HTC4T6G26OSPFCWF4UQVTZ5RIW5H6I
Upbit,GXH7J3JWWAZLAHWJPBIVVXSNV52S35NALXPUKEEVPJXOJK5LZBRJPNSDHU
Upbit,OKHEI2TFHACIMFDCP3WAMJRK6BL33EDAWVHZE7RWF4V2BKLEWHENX4EFB4
Upbit,QFSCXCWOACMYLX6C5EGTH4VW6ADMBJSFVXCQIWXGVUGFZ5VYNZTS3ZCQRQ
Upbit,TIPERHIFNSXETGLYQVK7VWIKYVNPOUYNMEOYHRESBKNBTBQHITNUS2E3GE
Upbit,VSFE76W7BPZPURIPYS6EBKT3BBDWDKJ2HDNEKHHKNRSKROISF3G3BWLQEM
Upbit,WWLWEBRO2CD5UIV4XNQUB6VLODWFB5QERCF7BS2H73JXSJAAVKPHE3JSY4
Upbit,YQB5AH5SGT7IFA7DQICODI6355PIUE4OLEJWREFKDNFTJTCZ6ZJBZLBPQI
Upbit,AVBKFKWEG6VUX2R7XLEYF5OGZAB4YYYNTED3DTBZ6IRPCPUXBCLKSDNSW4
Upbit,YS423GALWOS5VKEHRNUBS2E62XTX65LRIG6L3IVO5BEPHI7GE6MKM65FCU
Upbit,G4Z5GNGWFZYJ6VX7M5LMFUS3LCR6WXXJ44NSFELOGX67ZBWYXYY7B3V4IM
Upbit,JKT4E3E5EVEOF6RW67DE2AFYWXGDLQ2J3SEYHPYAO6HGPYPKCVEFH75RUE
Upbit,4QA7HHF63VZKJJRAMUYOESMWJY76QWY6RY3T2HLX6U3EXKFXXG3VDG3Q24
Uphold,WTIMETRQZRYWY3ZUIL3QZV5BINGRSX5ZC4CEBFMGULEAQMJ2QYPLJAGLM4
Uphold,HMKN4BCGCDUFWIPOIKDBUTC6RXFKOKOB6TWO25ETRHTKJFTJZPD6Y3BOLQ
Uphold,TA5J5JU42JVDOA4T2DAP7M2EPQ3ZETTCK5VJQTWMPQFBOU5T66PVBHQTKQ
Uphold,XVJECSJKFELMN6WZIPURMGX3L4EVUE52XEQ65JGFOJSJOGQV6TVKOBZFZI
Uphold,KWKPWKDC7O72WGIE3C3NAG3IPH26Y7XER3WMGNO5QFJSMCFXEEKVAOYZEE
Uphold,XTH5EDWZI72VGF46AOIN72KQXP2EM4PJJXTZIYBBR52OQZ6UTN2HXISGOI
Uphold,M4QSPZFVRV7NH2EL5U72NZRHQCVPM3TVNVEXX33BSJPVTN2REBTFO35NCI
Vindax,FC7PNTX4BIYZFQNRY6RKRCRQQEEVUQMCJUEWFE24CFVR65L2PDK4M6YNOY
WealthSimple,OWM73TKIF3M36GSZQP5UAMCN6IH5ISPXD57EN3P42SREW2MYPWRD7H46UQ
Weex,4UDC7YHMKRPB5T3HULLVSA7UHS6EUKPARCYAVZU75EYJUFD5OTDLVEFUL4
Weex,ICHQTD3YQPKILTB6O3BXTO2LUVXGWGZJH5YIIL5CHYI5ASCOA7WRAN4SFU
Whitebit,JL6MNZADBYWCOPYJ2LG3HRDFWECVGQTDIJNKRCYBW6J6C3IUJ4APUP4NW4
Wirex,YHMUNFOUZT4HBGHRNE5AXCFWTCPS5PSPNSJWOUXYWV2IIYUTA7OXSVSCZQ
Wirex,VUPXQYINFQ2XE6C3MULXOUB35LSMKVNJZHMP33MEGN53SAE6RBO5A5F7AU
Wirex,4I5JOMLHIMNGHEKZGB2QDDGOJTO46JDWL4HN7MPIXJTT3FYX4JGHPFH7H4
Xeggex,IMOKG5EGFBZUR5ESXIYXQ4WZHIYGEABCS6XVY3PSGGWBRUSS22FAUGVMHA
XT,C2BBUXNOPXGVL7Z6ZOXRGZQU2ICUA7PWKGKPTCLKZMM544ZLIZ2SSBHPOM
XT,EVYKEQBAWSPE6YQRPQPGSSO2L7U6WIM7CWU45SSWZHMCKF6FUTUGQ2KVWQ
Zonda,KY7SEZ66MRHKYH4JKREXFTIN2K7TWA3WFJYS4WHTSON2PBRAS7XYIHGJMY
Zobi Trade,OW7DJOETQDRGYKWTOUDGFENTEWIOA33TGLQECDTH6FEF7NZLNVYWKGY4OE
